id	rate
01001	323
01003	353
01005	221
01007	97
01009	95
01011	258
01013	499
01015	188
01017	427
01019	46
01021	122
01023	166
01025	175
01027	30
01029	20
01031	265
01033	241
01035	76
01037	43
01039	106
01041	105
01043	239
01045	164
01047	421
01049	303
01051	485
01053	99
01055	298
01057	26
01059	665
01061	46
01063	117
01065	223
01067	97
01069	279
01071	113
01073	2339
01075	34
01077	216
01079	60
01081	642
01083	175
01085	336
01087	117
01089	456
01091	204
01093	132
01095	811
01097	2623
01099	107
01101	2543
01103	516
01105	62
01107	137
01109	298
01111	138
01113	265
01115	158
01117	596
01119	257
01121	149
01123	455
01125	1156
01127	523
01129	86
01131	200
01133	111
80001	0
90001	377
02013	0
02016	0
02020	307
02050	3
02060	0
02068	0
02070	0
02090	89
02100	1
02105	0
02110	37
02122	102
02130	16
02150	2
02158	0
02164	0
02170	41
02180	4
02185	1
02188	4
02195	4
02198	2
02220	6
02230	0
02240	3
02261	0
02275	1
02282	0
02290	1
80002	0
90002	0
00060	0
04001	1927
04003	178
04005	1345
04007	54
04009	48
04011	11
04012	217
04013	17010
04015	584
04017	2512
04019	3628
04021	1363
04023	833
04025	367
04027	2962
80004	0
90004	0
05001	7
05003	38
05005	14
05007	1306
05009	9
05011	34
05013	0
05015	66
05017	40
05019	45
05021	9
05023	74
05025	19
05027	27
05029	19
05031	346
05033	51
05035	508
05037	74
05039	3
05041	20
05043	25
05045	142
05047	6
05049	9
05051	154
05053	23
05055	69
05057	33
05059	37
05061	38
05063	39
05065	17
05067	15
05069	625
05071	78
05073	10
05075	90
05077	317
05079	986
05081	33
05083	17
05085	69
05087	99
05089	2
05091	66
05093	89
05095	5
05097	2
05099	73
05101	3
05103	13
05105	15
05107	32
05109	6
05111	50
05113	48
05115	234
05117	6
05119	1241
05121	28
05123	767
05125	166
05127	2
05129	7
05131	133
05133	393
05135	51
05137	11
05139	199
05141	30
05143	1605
05145	54
05147	1
05149	275
80005	0
90005	300
06001	4216
06003	2
06005	10
06007	74
06009	25
06011	7
06013	1877
06015	47
06017	113
06019	2395
06021	24
06023	105
06025	3724
06027	22
06029	3130
06031	1724
06033	32
06035	9
06037	70529
06039	188
06041	664
06043	16
06045	38
06047	391
06049	0
06051	37
06053	865
06055	168
06057	52
06059	8153
06061	344
06063	4
06065	10490
06067	1704
06069	112
06071	6976
06073	8998
06075	2878
06077	1444
06079	324
06081	2533
06083	1910
06085	3117
06087	254
06089	48
06091	1
06093	14
06095	643
06097	701
06099	1072
06101	69
06103	20
06105	2
06107	2564
06109	8
06111	1518
06113	240
06115	34
80006	0
90006	0
08001	3698
08003	114
08005	4754
08007	8
08009	12
08011	3
08013	1049
08014	261
08015	78
08017	5
08019	17
08021	5
08023	12
08025	66
08027	2
08029	76
08031	6257
08033	0
08035	790
08037	621
08039	54
08041	1920
08043	26
08045	177
08047	6
08049	15
08051	181
08053	3
08055	3
08057	0
08059	2445
08061	0
08063	30
08065	38
08067	84
08069	637
08071	6
08073	3
08075	632
08077	66
08079	2
08081	8
08083	59
08085	191
08087	645
08089	22
08091	8
08093	23
08095	15
08097	63
08099	17
08101	332
08103	1
08105	53
08107	64
08109	97
08111	1
08113	23
08115	0
08117	254
08119	38
08121	44
08123	2646
08125	47
80008	0
90008	0
09001	16178
09003	11103
09005	1435
09007	1216
09009	11979
09011	1150
09013	886
09015	453
80009	0
90009	289
10001	1544
10003	4224
10005	4389
80010	0
90010	16
88888	49
11001	9654
80011	0
90011	0
12001	506
12003	30
12005	139
12007	52
12009	519
12011	8589
12013	65
12015	522
12017	135
12019	429
12021	2364
12023	177
12027	329
12029	60
12031	1923
12033	956
12035	202
12037	2
12039	302
12041	22
12043	109
12045	8
12047	268
12049	177
12051	597
12053	132
12055	169
12057	3295
12059	31
12061	190
12063	316
12065	31
12067	12
12069	383
12071	2563
12073	464
12075	98
12077	218
12079	75
12081	1309
12083	299
12085	1056
12086	20872
12087	121
12089	87
12091	312
12093	158
12095	2773
12097	796
12099	8209
12101	484
12103	1941
12105	1373
12107	183
12109	292
12111	793
12113	275
12115	724
12117	663
12119	266
12121	185
12123	52
12125	38
12127	884
12129	35
12131	145
12133	87
80012	0
90012	100
13001	199
13003	70
13005	165
13007	37
13009	421
13011	107
13013	378
13015	539
13017	98
13019	62
13021	530
13023	53
13025	68
13027	93
13029	83
13031	92
13033	125
13035	242
13037	146
13039	71
13043	17
13045	602
13047	217
13049	38
13051	597
13053	246
13055	32
13057	1014
13059	338
13061	51
13063	1413
13065	75
13067	3522
13069	328
13071	634
13073	295
13075	67
13077	507
13079	31
13081	241
13083	47
13085	118
13087	222
13089	4282
13091	54
13093	197
13095	1828
13097	641
13099	254
13101	153
13103	83
13105	84
13107	38
13109	7
13111	65
13113	259
13115	365
13117	589
13119	137
13121	5069
13123	169
13125	1
13127	177
13129	240
13131	137
13133	86
13135	5089
13137	581
13139	2727
13141	201
13143	57
13145	190
13147	41
13149	42
13151	829
13153	421
13155	34
13157	256
13159	56
13161	52
13163	52
13165	44
13167	77
13169	50
13171	79
13173	37
13175	113
13177	371
13179	90
13181	17
13183	19
13185	567
13187	107
13189	73
13191	17
13193	106
13195	72
13197	61
13199	123
13201	45
13205	427
13207	127
13209	19
13211	40
13213	130
13215	955
13217	412
13219	128
13221	71
13223	401
13225	86
13227	59
13229	126
13231	66
13233	162
13235	46
13237	104
13239	14
13241	30
13243	190
13245	664
13247	333
13249	18
13251	61
13253	48
13255	309
13257	152
13259	60
13261	506
13263	45
13265	2
13267	38
13269	25
13271	47
13273	218
13275	359
13277	372
13279	96
13281	32
13283	17
13285	701
13287	148
13289	21
13291	53
13293	295
13295	216
13297	321
13299	263
13301	19
13303	76
13305	33
13307	14
13309	16
13311	124
13313	562
13315	117
13317	35
13319	73
13321	256
80013	2582
90013	1021
99999	103
00066	183
15001	81
15003	472
15005	0
15007	21
15009	120
80015	12
90015	0
16001	877
16003	4
16005	59
16007	0
16009	19
16011	23
16013	515
16015	0
16017	7
16019	73
16021	0
16023	0
16025	1
16027	356
16029	3
16031	131
16033	0
16035	0
16037	2
16039	34
16041	12
16043	4
16045	17
16047	58
16049	3
16051	10
16053	205
16055	98
16057	7
16059	1
16061	0
16063	35
16065	29
16067	98
16069	84
16071	0
16073	8
16075	27
16077	9
16079	0
16081	11
16083	480
16085	3
16087	50
80016	0
90016	0
17001	45
17003	16
17005	12
17007	518
17009	10
17011	22
17013	1
17015	18
17017	77
17019	724
17021	35
17023	12
17025	2
17027	203
17029	142
17031	84249
17033	13
17035	10
17037	471
17039	4
17041	33
17043	8355
17045	1
17047	2
17049	8
17051	22
17053	21
17055	12
17057	12
17059	2
17061	7
17063	128
17065	2
17067	18
17069	1
17071	8
17073	72
17075	136
17077	311
17079	46
17081	103
17083	28
17085	34
17087	14
17089	7030
17091	1059
17093	869
17095	111
17097	8980
17099	177
17101	4
17103	88
17105	36
17107	10
17109	102
17111	1810
17113	238
17115	206
17117	46
17119	683
17121	55
17123	5
17125	18
17127	7
17129	22
17131	18
17133	106
17135	41
17137	105
17139	13
17141	224
17143	367
17145	43
17147	11
17149	2
17151	1
17153	59
17155	1
17157	276
17159	4
17161	737
17163	1392
17165	7
17167	377
17169	13
17171	0
17173	16
17175	3
17177	226
17179	85
17181	172
17183	44
17185	12
17187	127
17189	19
17191	9
17193	2
17195	161
17197	6086
17199	80
17201	2667
17203	22
80017	111
90017	43
18001	24
18003	2127
18005	547
18007	37
18009	29
18011	357
18013	36
18015	98
18017	1596
18019	559
18021	56
18023	253
18025	27
18027	117
18029	179
18031	235
18033	95
18035	399
18037	236
18039	1929
18041	81
18043	333
18045	23
18047	119
18049	53
18051	22
18053	253
18055	177
18057	1250
18059	371
18061	198
18063	1261
18065	201
18067	458
18069	49
18071	414
18073	81
18075	60
18077	52
18079	139
18081	1160
18083	34
18085	277
18087	235
18089	4081
18091	465
18093	176
18095	612
18097	10577
18099	276
18101	15
18103	161
18105	185
18107	262
18109	296
18111	87
18113	318
18115	13
18117	132
18119	37
18121	20
18123	68
18125	6
18127	585
18129	18
18131	52
18133	152
18135	64
18137	109
18139	49
18141	1496
18143	142
18145	405
18147	22
18149	48
18151	102
18153	41
18155	22
18157	472
18159	27
18161	12
18163	321
18165	11
18167	198
18169	88
18171	14
18173	171
18175	56
18177	96
18179	49
18181	240
18183	60
80018	0
90018	0
19001	11
19003	7
19005	121
19007	16
19009	13
19011	46
19013	1824
19015	93
19017	74
19019	34
19021	1475
19023	19
19025	19
19027	33
19029	13
19031	53
19033	40
19035	56
19037	15
19039	86
19041	59
19043	35
19045	68
19047	593
19049	995
19051	33
19053	4
19055	27
19057	68
19059	119
19061	381
19063	38
19065	28
19067	20
19069	41
19071	4
19073	20
19075	23
19077	57
19079	112
19081	26
19083	42
19085	33
19087	73
19089	12
19091	30
19093	17
19095	34
19097	14
19099	279
19101	44
19103	635
19105	40
19107	15
19109	16
19111	37
19113	1012
19115	355
19117	23
19119	29
19121	31
19123	107
19125	40
19127	940
19129	22
19131	6
19133	31
19135	47
19137	9
19139	571
19141	64
19143	49
19145	16
19147	13
19149	190
19151	30
19153	5026
19155	482
19157	95
19159	8
19161	37
19163	401
19165	43
19167	349
19169	210
19171	426
19173	71
19175	10
19177	11
19179	672
19181	191
19183	206
19185	4
19187	94
19189	12
19191	24
19193	2987
19195	4
19197	278
80019	0
90019	4
20001	2
20003	1
20005	26
20007	1
20009	48
20011	8
20013	10
20015	37
20017	3
20019	4
20021	16
20023	2
20025	33
20027	6
20029	5
20031	52
20033	2
20035	39
20037	20
20039	0
20041	6
20043	20
20045	79
20047	5
20049	0
20051	12
20053	3
20055	1538
20057	1842
20059	49
20061	29
20063	1
20065	0
20067	18
20069	23
20071	0
20073	11
20075	27
20077	2
20079	12
20081	22
20083	5
20085	102
20087	22
20089	4
20091	1015
20093	46
20095	0
20097	3
20099	27
20101	4
20103	1106
20105	0
20107	11
20109	0
20111	406
20113	38
20115	5
20117	0
20119	30
20121	16
20123	4
20125	22
20127	5
20129	6
20131	20
20133	6
20135	4
20137	3
20139	10
20141	2
20143	4
20145	3
20147	2
20149	32
20151	2
20153	0
20155	48
20157	4
20159	4
20161	74
20163	6
20165	0
20167	0
20169	28
20171	16
20173	728
20175	924
20177	435
20179	2
20181	7
20183	2
20185	1
20187	9
20189	31
20191	9
20193	0
20195	1
20197	31
20199	0
20201	1
20203	0
20205	1
20207	6
20209	1626
80020	0
90020	0
21001	101
21003	127
21005	25
21007	14
21009	61
21011	10
21013	3
21015	538
21017	22
21019	43
21021	28
21023	14
21025	3
21027	21
21029	128
21031	243
21033	12
21035	57
21037	201
21039	5
21041	16
21043	17
21045	10
21047	137
21049	68
21051	12
21053	5
21055	7
21057	5
21059	350
21061	63
21063	1
21065	3
21067	995
21069	4
21071	17
21073	92
21075	12
21077	51
21079	9
21081	52
21083	168
21085	136
21087	2
21089	14
21091	9
21093	133
21095	8
21097	32
21099	30
21101	124
21103	25
21105	5
21107	225
21109	63
21111	3278
21113	79
21115	5
21117	681
21119	4
21121	10
21123	11
21125	25
21127	5
21129	1
21131	6
21133	3
21135	9
21137	15
21139	9
21141	187
21143	17
21145	116
21147	13
21149	23
21151	72
21153	4
21155	41
21157	41
21159	3
21161	16
21163	23
21165	10
21167	16
21169	7
21171	27
21173	33
21175	6
21177	482
21179	47
21181	4
21183	162
21185	112
21187	4
21189	2
21191	14
21193	23
21195	38
21197	4
21199	71
21201	0
21203	14
21205	13
21207	37
21209	40
21211	256
21213	57
21215	25
21217	16
21219	23
21221	16
21223	4
21225	16
21227	1208
21229	10
21231	10
21233	34
21235	17
21237	1
21239	45
80021	0
90021	9
22001	535
22003	193
22005	918
22007	258
22009	181
22011	127
22013	170
22015	488
22017	2803
22019	701
22021	76
22023	11
22025	124
22027	73
22029	97
22031	269
22033	4150
22035	216
22037	216
22039	87
22041	395
22043	54
22045	435
22047	610
22049	154
22051	8091
22053	114
22055	988
22057	945
22059	72
22061	202
22063	514
22065	251
22067	138
22069	188
22071	7319
22073	1679
22075	223
22077	217
22079	1098
22081	52
22083	160
22085	53
22087	562
22089	655
22091	56
22093	308
22095	886
22097	326
22099	316
22101	348
22103	1906
22105	1001
22107	21
22109	780
22111	385
22113	69
22115	43
22117	520
22119	206
22121	200
22123	99
22125	226
22127	197
80022	0
90022	240
23001	415
23003	10
23005	1388
23007	37
23009	13
23011	134
23013	21
23015	21
23017	31
23019	102
23021	1
23023	30
23025	25
23027	55
23029	1
23031	433
80023	0
90023	4
24001	187
24003	4453
24005	7051
24009	370
24011	279
24013	977
24015	435
24017	1248
24019	160
24021	2225
24023	10
24025	991
24027	2332
24029	189
24031	13348
24033	17042
24035	179
24037	575
24039	78
24041	107
24043	568
24045	1004
24047	246
24510	6559
80024	0
90024	0
25001	1479
25003	575
25005	7872
25007	0
25009	15518
25011	348
25013	6431
25015	918
25017	23075
25019	0
25021	8842
80025	0
25023	8462
25025	19249
90025	298
25027	11937
26001	20
26003	1
26005	280
26007	113
26009	14
26011	38
26013	1
26015	91
26017	381
26019	5
26021	816
26023	161
26025	481
26027	114
26029	20
26031	26
26033	3
26035	24
26037	188
26039	63
26041	21
26043	7
26045	256
26047	26
26049	2566
26051	20
26053	5
26055	36
26057	88
26059	179
26061	8
26063	60
26065	815
26067	179
26069	111
26071	2
26073	95
26075	484
26077	949
26079	30
26081	4420
26083	1
26085	7
26087	226
26089	12
26091	195
26093	520
26095	3
26097	8
26099	7016
26101	12
26103	59
26105	38
26107	24
26109	9
26111	145
26113	23
26115	562
26117	80
26119	5
26121	733
26123	125
26125	11286
26127	105
26129	32
26131	0
26133	18
26135	8
26137	120
26139	922
26141	12
26143	25
26145	1147
26147	513
26149	171
26151	43
26153	4
26155	264
26157	208
26159	200
26161	1560
26163	21660
26165	15
80026	36
90026	6
27001	13
27003	1691
27005	47
27007	21
27009	190
27011	12
27013	159
27015	18
27017	80
27019	268
27021	11
27023	55
27025	77
27027	503
27029	3
27031	0
27033	101
27035	88
27037	1648
27039	58
27041	49
27043	25
27045	20
27047	217
27049	92
27051	6
27053	9934
27055	5
27057	5
27059	48
27061	58
27063	43
27065	13
27067	541
27069	1
27071	9
27073	3
27075	1
27077	0
27079	51
27081	6
27083	183
27085	52
27087	6
27089	12
27091	143
27093	49
27095	26
27097	54
27099	638
27101	42
27103	95
27105	1607
27107	17
27109	765
27111	80
27113	50
27115	95
27117	15
27119	67
27121	10
27123	3813
27125	4
27127	10
27129	9
27131	685
27133	23
27135	6
27137	123
27139	525
27141	262
27143	25
27145	2096
27147	175
27149	1
27151	19
27153	371
27155	5
27157	21
27159	10
27161	33
27163	766
27165	96
27167	12
27169	84
27171	372
27173	8
80027	0
90027	65
28001	225
28003	28
28005	67
28007	328
28009	17
28011	185
28013	77
28015	122
28017	163
28019	62
28021	138
28023	165
28025	169
28027	145
28029	388
28031	201
28033	694
28035	672
28037	30
28039	35
28041	49
28043	153
28045	98
28047	319
28049	1245
28051	463
28053	80
28055	0
28057	99
28059	344
28061	190
28063	52
28065	84
28067	845
28069	167
28071	169
28073	287
28075	801
28077	115
28079	478
28081	287
28083	350
28085	316
28087	311
28089	864
28091	137
28093	98
28095	291
28097	93
28099	855
28101	320
28103	212
28105	348
28107	118
28109	219
28111	53
28113	220
28115	70
28117	65
28119	39
28121	529
28123	685
28125	8
28127	117
28129	173
28131	34
28133	113
28135	39
28137	123
28139	92
28141	44
28143	62
28145	96
28147	97
28149	245
28151	236
28153	373
28155	109
28157	85
28159	143
28161	136
28163	337
80028	0
90028	0
29001	75
29003	34
29005	3
29007	122
29009	9
29011	1
29013	12
29015	14
29017	8
29019	204
29021	772
29023	40
29025	7
29027	34
29029	38
29031	101
29033	9
29035	5
29037	111
29039	9
29041	6
29043	29
29045	1
29047	284
29049	19
29051	57
29053	9
29055	8
29057	0
29059	6
29061	7
29063	7
29065	1
29067	3
29069	54
29071	166
29073	2
29075	54
29077	185
29079	8
29081	9
29083	16
29085	0
29087	1
29089	3
29091	19
29093	2
29095	791
29097	107
29099	374
29101	79
29103	2
29105	9
29107	84
29109	7
29111	7
29113	88
29115	11
29117	4
29119	63
29121	6
29123	3
29125	2
29127	7
29129	5
29131	4
29133	70
29135	49
29137	3
29139	12
29141	9
29143	32
29145	49
29147	15
29149	3
29151	5
29153	0
29155	99
29157	80
29159	84
29161	6
29163	31
29165	89
29167	7
29169	106
29171	1
29173	5
29175	10
29177	24
29179	2
29181	12
29183	882
29185	2
29186	13
29187	40
29189	5460
29195	270
29197	1
29199	8
29201	134
29203	6
29205	1
29207	113
29209	7
29211	72
29213	15
29215	1
29217	12
29219	31
29221	13
29223	0
29225	18
29227	4
29229	14
29510	2179
80029	0
90029	1
30001	1
30003	43
30005	0
30007	4
30009	6
30011	0
30013	17
30015	0
30017	1
30019	0
30021	0
30023	3
30025	0
30027	0
30029	37
30031	182
30033	0
30035	6
30037	3
30039	0
30041	1
30043	3
30045	0
30047	6
30049	19
30051	1
30053	7
30055	0
30057	8
30059	1
30061	0
30063	39
30065	1
30067	8
30069	0
30071	0
30073	2
30075	0
30077	0
30079	0
30081	14
30083	3
30085	7
30087	1
30089	0
30091	0
30093	11
30095	2
30097	0
30099	0
30101	29
30103	0
30105	0
30107	1
30109	0
30111	106
80030	0
90030	0
31001	278
31003	8
31005	0
31007	1
31009	0
31011	7
31013	3
31015	1
31017	0
31019	177
31021	9
31023	51
31025	59
31027	8
31029	1
31031	1
31033	10
31035	24
31037	646
31039	34
31041	34
31043	1719
31045	1
31047	844
31049	0
31051	38
31053	616
31055	5540
31057	0
31059	9
31061	6
31063	1
31065	9
31067	45
31069	4
31071	1
31073	13
31075	0
31077	3
31079	1560
31081	56
31083	0
31085	0
31087	1
31089	1
31091	0
31093	44
31095	9
31097	6
31099	12
31101	2
31103	0
31105	8
31107	11
31109	1445
31111	52
31113	0
31115	0
31117	0
31119	331
31121	37
31123	12
31125	4
31127	4
31129	1
31131	12
31133	0
31135	0
31137	20
31139	6
31141	639
31143	12
31145	5
31147	1
31149	0
31151	518
31153	868
31155	56
31157	170
31159	31
31161	0
31163	4
31165	2
31167	21
31169	1
31171	1
31173	63
31175	7
31177	39
31179	26
31181	6
31183	0
31185	37
80031	0
90031	180
32001	10
32003	8314
32005	39
32007	37
32009	0
32011	0
32013	78
32015	22
32017	2
32019	91
32021	4
32023	69
32027	5
32029	1
32031	1914
32033	3
32510	115
80032	0
90032	0
33001	73
33003	49
33005	60
33007	6
33009	76
33011	2883
33013	390
33015	1406
33017	278
33019	25
80033	0
90033	5
34001	2453
34003	18743
34005	4848
34007	6952
34009	664
34011	2645
34013	18295
34015	2379
34017	19149
34019	1034
34021	7295
34023	16353
34025	8660
34027	6556
34029	9200
34031	16581
34033	699
34035	4736
34037	1179
34039	16351
34041	1200
80034	0
90034	192
35001	1669
35003	2
35005	53
35006	180
35007	5
35009	71
35011	0
35013	637
35015	46
35017	17
35019	20
35021	1
35023	2
35025	38
35027	5
35028	6
35029	20
35031	2870
35033	0
35035	30
35037	4
35039	60
35041	53
35043	609
35045	2081
35047	16
35049	165
35051	3
35053	55
35055	32
35057	34
35059	5
35061	87
80035	0
90035	650
36001	2007
36003	53
36005	0
36007	644
36009	101
36011	103
36013	106
36015	138
36017	138
36019	98
36021	428
36023	42
36025	88
36027	4035
36029	6717
36031	40
36033	24
36035	231
36037	212
36039	249
36041	5
36043	127
36045	80
36047	0
36049	20
36051	121
36053	333
36055	3320
36057	103
36059	41114
36061	208954
36063	1143
36065	1237
36067	2474
36069	230
36071	10558
36073	260
36075	120
36077	78
36079	1282
36081	0
36083	510
36085	0
36087	13396
36089	214
36091	514
36093	721
36095	54
36097	12
36099	63
36101	254
36103	40559
36105	1428
36107	137
36109	172
36111	1734
36113	257
36115	242
36117	129
36119	34175
36121	91
36123	39
80036	0
90036	0
37001	641
37003	46
37005	30
37007	83
37009	43
37011	6
37013	49
37015	135
37017	186
37019	190
37021	426
37023	775
37025	685
37027	238
37029	3
37031	45
37033	101
37035	379
37037	780
37039	30
37041	19
37043	8
37045	143
37047	404
37049	256
37051	855
37053	15
37055	25
37057	589
37059	132
37061	1130
37063	2473
37065	235
37067	2051
37069	209
37071	452
37073	24
37075	6
37077	653
37079	117
37081	1899
37083	231
37085	381
37087	63
37089	415
37091	143
37093	296
37095	2
37097	404
37099	59
37101	756
37103	28
37105	574
37107	277
37109	118
37111	129
37113	178
37115	4
37117	88
37119	6538
37121	17
37123	205
37125	288
37127	262
37129	315
37131	170
37133	149
37135	440
37137	15
37139	128
37141	123
37143	29
37145	72
37147	451
37149	53
37151	882
37153	196
37155	1040
37157	124
37159	835
37161	205
37163	702
37165	104
37167	144
37169	91
37171	315
37173	37
37175	16
37177	5
37179	672
37181	403
37183	2769
37185	125
37187	33
37189	41
37191	1448
37193	530
37195	482
37197	228
37199	23
80037	0
90037	0
38001	0
38003	9
38005	3
38007	0
38009	4
38011	1
38013	5
38015	156
38017	2006
38019	0
38021	2
38023	1
38025	11
38027	5
38029	4
38031	1
38033	0
38035	341
38037	2
38039	1
38041	0
38043	2
38045	8
38047	0
38049	2
38051	1
38053	21
38055	9
38057	6
38059	62
38061	43
38063	1
38065	1
38067	6
38069	3
38071	8
38073	12
38075	3
38077	33
38079	7
38081	4
38083	1
38085	3
38087	3
38089	63
38091	1
38093	51
38095	0
38097	15
38099	16
38101	45
38103	8
38105	26
80038	0
90038	0
00069	30
39001	12
39003	232
39005	26
39007	381
39009	23
39011	84
39013	463
39015	37
39017	1065
39019	36
39021	34
39023	400
39025	236
39027	52
39029	914
39031	50
39033	122
39035	5112
39037	220
39039	40
39041	389
39043	191
39045	353
39047	44
39049	6918
39051	52
39053	9
39055	331
39057	132
39059	44
39061	3078
39063	61
39065	87
39067	10
39069	19
39071	32
39073	73
39075	84
39077	72
39079	16
39081	69
39083	31
39085	344
39087	32
39089	297
39091	47
39093	779
39095	2411
39097	168
39099	1576
39101	2701
39103	397
39105	6
39107	244
39109	382
39111	83
39113	901
39115	6
39117	110
39119	56
39121	6
39123	114
39125	14
39127	22
39129	2115
39131	9
39133	352
39135	41
39137	100
39139	242
39141	79
39143	102
39145	19
39147	29
39149	49
39151	847
39153	1638
39155	642
39157	397
39159	62
39161	10
39163	21
39165	497
39167	117
39169	304
39171	58
39173	316
39175	48
80039	0
90039	0
40001	95
40003	1
40005	8
40007	30
40009	7
40011	9
40013	49
40015	173
40017	146
40019	57
40021	41
40023	102
40025	1
40027	539
40029	6
40031	319
40033	5
40035	16
40037	102
40039	40
40041	107
40043	2
40045	0
40047	45
40049	20
40051	116
40053	2
40055	66
40057	0
40059	1
40061	6
40063	3
40065	32
40067	4
40069	4
40071	65
40073	12
40075	6
40077	5
40079	18
40081	22
40083	22
40085	21
40087	114
40089	137
40091	15
40093	6
40095	13
40097	50
40099	6
40101	70
40103	8
40105	25
40107	6
40109	1517
40111	29
40113	104
40115	36
40117	36
40119	72
40121	44
40123	20
40125	67
40127	7
40129	0
40131	93
40133	31
40135	19
40137	44
40139	963
40141	23
40143	1443
40145	165
40147	345
40149	2
40151	5
40153	9
80040	0
90040	0
41001	1
41003	63
41005	455
41007	46
41009	20
41011	32
41013	8
41015	7
41017	137
41019	29
41021	0
41023	1
41025	1
41027	71
41029	78
41031	65
41033	23
41035	48
41037	4
41039	85
41041	184
41043	124
41045	33
41047	1134
41049	13
41051	1440
41053	117
41055	1
41057	6
41059	157
41061	12
41063	4
41065	38
41067	849
41069	0
41071	91
80041	0
90041	0
42001	284
42003	2065
42005	66
42007	611
42009	46
42011	4281
42013	54
42015	46
42017	5396
42019	256
42021	62
42023	2
42025	257
42027	165
42029	3247
42031	30
42033	50
42035	61
42037	371
42039	35
42041	709
42043	1587
42045	6837
42047	6
42049	439
42051	95
42053	7
42055	837
42057	16
42059	30
42061	237
42063	93
42065	18
42067	105
42069	1598
42071	3682
42073	86
42075	1140
42077	3926
42079	2823
42081	168
42083	13
42085	114
42087	59
42089	1347
42091	7834
42093	56
42095	3217
42097	219
42099	70
42101	24228
42103	482
42105	13
42107	677
42109	59
42111	39
42113	3
42115	166
42117	20
42119	81
42121	17
42123	5
42125	153
42127	125
42129	483
42131	36
42133	1141
80042	0
90042	0
00072	5536
44001	231
44003	1105
44005	269
44007	11959
44009	513
80044	0
90044	1870
45001	62
45003	225
45005	40
45007	306
45009	40
45011	54
45013	540
45015	346
45017	27
45019	959
45021	86
45023	114
45025	281
45027	325
45029	177
45031	343
45033	198
45035	230
45037	58
45039	223
45041	770
45043	132
45045	2624
45047	259
45049	50
45051	936
45053	54
45055	419
45057	230
45059	120
45061	233
45063	1049
45065	11
45067	88
45069	226
45071	93
45073	73
45075	309
45077	262
45079	2076
45081	158
45083	887
45085	580
45087	43
45089	274
45091	580
80045	0
90045	0
46003	30
46005	418
46007	0
46009	8
46011	26
46013	307
46015	7
46017	39
46019	0
46021	0
46023	21
46025	7
46027	56
46029	44
46031	9
46033	2
46035	31
46037	13
46039	1
46041	2
46043	4
46045	4
46047	6
46049	19
46051	13
46053	1
46055	0
46057	9
46059	6
46061	3
46063	0
46065	21
46067	8
46069	3
46071	4
46073	40
46075	0
46077	5
46079	14
46081	12
46083	262
46085	32
46087	8
46089	3
46091	4
46093	30
46095	0
46097	3
46099	3458
46101	20
46102	45
46103	362
46105	0
46107	0
46109	40
46111	13
46115	5
46117	11
46119	1
46121	46
46123	7
46125	25
46127	109
46129	5
46135	58
46137	2
80046	0
90046	0
47001	59
47003	376
47005	8
47007	614
47009	104
47011	266
47013	22
47015	34
47017	34
47019	20
47021	152
47023	12
47025	15
47027	9
47029	26
47031	92
47033	18
47035	130
47037	6379
47039	14
47041	41
47043	131
47045	82
47047	167
47049	14
47051	59
47053	68
47055	21
47057	18
47059	53
47061	32
47063	75
47065	1433
47067	1
47069	215
47071	30
47073	34
47075	36
47077	17
47079	34
47081	61
47083	9
47085	18
47087	19
47089	42
47091	24
47093	525
47095	691
47097	61
47099	57
47101	5
47103	42
47105	188
47107	162
47109	26
47111	191
47113	182
47115	48
47117	40
47119	147
47121	29
47123	85
47125	319
47127	5
47129	18
47131	56
47133	37
47135	25
47137	4
47139	28
47141	588
47143	222
47145	33
47147	597
47149	1653
47151	14
47153	21
47155	206
47157	6451
47159	39
47161	14
47163	70
47165	1059
47167	497
47169	1458
47171	52
47173	7
47175	4
47177	32
47179	88
47181	64
47183	28
47185	46
47187	670
47189	511
80047	457
90047	148
48001	95
48003	27
48005	309
48007	6
48009	3
48011	3
48013	43
48015	33
48017	30
48019	7
48021	288
48023	1
48025	31
48027	574
48029	3840
48031	11
48033	0
48035	7
48037	367
48039	813
48041	710
48043	1
48045	1
48047	1
48049	60
48051	40
48053	56
48055	87
48057	46
48059	12
48061	1031
48063	98
48065	6
48067	34
48069	39
48071	98
48073	54
48075	6
48077	5
48079	1
48081	4
48083	3
48085	1560
48087	5
48089	31
48091	141
48093	12
48095	1
48097	23
48099	299
48101	4
48103	32
48105	5
48107	4
48109	0
48111	36
48113	13585
48115	45
48117	203
48119	2
48121	1632
48123	26
48125	2
48127	1
48129	28
48131	5
48133	7
48135	227
48137	0
48139	437
48141	3650
48143	32
48145	14
48147	52
48149	44
48151	2
48153	16
48155	0
48157	2320
48159	24
48161	15
48163	57
48165	9
48167	1114
48169	6
48171	5
48173	1
48175	7
48177	157
48179	111
48181	408
48183	274
48185	270
48187	160
48189	76
48191	2
48193	11
48195	21
48197	4
48199	145
48201	16188
48203	267
48205	12
48207	4
48209	574
48211	1
48213	74
48215	912
48217	34
48219	28
48221	34
48223	41
48225	154
48227	18
48229	12
48231	162
48233	45
48235	1
48237	4
48239	20
48241	32
48243	0
48245	1222
48247	4
48249	17
48251	229
48253	633
48255	4
48257	325
48259	35
48261	0
48263	0
48265	20
48267	1
48269	0
48271	1
48273	20
48275	1
48277	163
48279	18
48281	9
48283	4
48285	21
48287	35
48289	11
48291	121
48293	36
48295	7
48297	9
48299	4
48301	0
48303	790
48305	14
48307	3
48309	150
48311	0
48313	19
48315	19
48317	3
48319	33
48321	80
48323	149
48325	220
48327	0
48329	194
48331	40
48333	1
48335	2
48337	9
48339	1258
48341	871
48343	28
48345	1
48347	317
48349	84
48351	6
48353	3
48355	321
48357	53
48359	4
48361	105
48363	14
48365	216
48367	110
48369	111
48371	107
48373	65
48375	2785
48377	2
48379	4
48381	748
48383	2
48385	1
48387	89
48389	12
48391	5
48393	2
48395	18
48397	233
48399	2
48401	68
48403	15
48405	55
48407	20
48409	41
48411	1
48413	0
48415	28
48417	1
48419	226
48421	28
48423	244
48425	2
48427	88
48429	4
48431	0
48433	0
48435	0
48437	21
48439	7120
48441	252
48443	0
48445	13
48447	1
48449	655
48451	137
48453	4314
48455	22
48457	16
48459	37
48461	0
48463	24
48465	32
48467	44
48469	184
48471	1868
48473	90
48475	4
48477	216
48479	661
48481	89
48483	15
48485	93
48487	7
48489	52
48491	820
48493	50
48495	4
48497	55
48499	51
48501	8
48503	14
48505	14
48507	12
80048	0
90048	0
49001	0
49003	0
49005	0
49007	0
49009	0
49011	628
49013	0
49015	0
49017	0
49019	0
49021	0
49023	0
49025	0
49027	0
49029	0
49031	0
49033	0
49035	6942
49037	350
49039	0
49041	0
49043	444
49045	159
49047	0
49049	2491
49051	342
49053	0
49055	0
49057	0
80049	0
90049	0
50001	66
50003	67
50005	16
50007	564
50009	3
50011	102
50013	8
50015	29
50017	9
50019	13
50021	58
50023	40
50025	84
50027	55
80050	0
90050	5
00078	72
51001	987
51003	272
51005	27
51007	37
51009	27
51011	34
51013	2307
51015	141
51017	0
51019	86
51021	0
51023	44
51025	44
51027	18
51029	518
51031	22
51033	101
51035	159
51036	28
51037	30
51041	2109
51043	37
51045	6
51047	774
51049	46
51051	0
51053	105
51057	52
51059	12863
51061	376
51063	8
51065	101
51067	42
51069	423
51071	5
51073	35
51075	112
51077	63
51079	45
51081	306
51083	32
51085	362
51087	2193
51089	193
51091	2
51093	150
51095	230
51097	24
51099	87
51101	32
51103	11
51105	9
51107	3280
51109	98
51111	19
51113	42
51115	5
51117	226
51119	14
51121	96
51125	18
51127	44
51131	259
51133	25
51135	63
51137	124
51139	250
51141	31
51143	59
51145	50
51147	161
51149	158
51153	6439
51155	30
51157	16
51159	290
51161	132
51163	19
51165	614
51167	8
51169	7
51171	505
51173	18
51175	155
51177	739
51179	862
51181	13
51183	177
51185	9
51187	228
51191	58
51193	84
51195	27
51197	42
51199	90
51510	2128
51520	4
51530	12
51540	146
51550	636
51570	111
51580	4
51590	63
51595	94
51600	68
51610	56
51620	43
51630	199
51640	171
51650	234
51660	850
51670	129
51678	8
51680	91
51683	1282
51685	369
51690	54
51700	351
51710	630
51720	2
51730	178
51735	11
51740	370
51750	7
51760	1733
51770	232
51775	43
51790	57
51800	337
51810	847
51820	53
51830	49
51840	260
80051	0
90051	0
53001	89
53003	20
53005	1075
53007	271
53009	28
53011	604
53013	1
53015	102
53017	178
53019	1
53021	847
53023	0
53025	241
53027	20
53029	182
53031	31
53033	8611
53035	173
53037	92
53039	42
53041	38
53043	2
53045	39
53047	57
53049	11
53051	3
53053	2097
53055	15
53057	454
53059	3
53061	3107
53063	791
53065	15
53067	183
53069	4
53071	118
53073	436
53075	27
53077	5129
80053	0
90053	34
54001	10
54003	376
54005	17
54007	3
54009	5
54011	72
54013	2
54015	8
54017	0
54019	54
54021	10
54023	16
54025	11
54027	35
54029	20
54031	40
54033	43
54035	141
54037	205
54039	247
54041	8
54043	5
54045	21
54047	6
54049	53
54051	37
54053	15
54055	13
54057	51
54059	12
54061	142
54063	9
54065	19
54067	7
54069	53
54071	13
54073	4
54075	21
54077	24
54079	42
54081	23
54083	141
54085	2
54087	10
54089	1
54091	10
54093	5
54095	3
54097	7
54099	104
54101	0
54103	9
54105	4
54107	55
54109	5
80054	0
90054	0
55001	7
55003	3
55005	24
55007	3
55009	2442
55011	7
55013	2
55015	84
55017	64
55019	50
55021	55
55023	26
55025	930
55027	415
55029	41
55031	20
55033	29
55035	130
55037	2
55039	253
55041	34
55043	103
55045	75
55047	24
55049	16
55051	2
55053	21
55055	152
55057	24
55059	1336
55061	37
55063	100
55065	38
55067	5
55069	7
55071	42
55073	80
55075	37
55077	9
55078	3
55079	9310
55081	29
55083	43
55085	14
55087	318
55089	188
55091	1
55093	51
55095	36
55097	68
55099	2
55101	1975
55103	14
55105	744
55107	9
55109	110
55111	84
55113	9
55115	62
55117	137
55119	2
55121	49
55123	23
55125	8
55127	469
55129	3
55131	289
55133	884
55135	66
55137	16
55139	485
55141	16
80055	0
90055	0
56001	25
56003	10
56005	40
56007	20
56009	24
56011	5
56013	303
56015	5
56017	12
56019	18
56021	191
56023	15
56025	87
56027	2
56029	3
56031	1
56033	19
56035	3
56037	38
56039	104
56041	62
56043	39
56045	1
80056	0
90056	0
